{
    "mean_iou": 0.8947481528279662,
    "per_class_iou": {
        "Background": 0.9932124469634976,
        "Head": 0.9088389549415968,
        "Body": 0.9527263489876033,
        "Tail": 0.7242148604191668
    },
    "confusion_matrix": [
        [
            440852063,
            202121,
            461013,
            358007
        ],
        [
            329640,
            15169092,
            498541,
            1569
        ],
        [
            549561,
            487711,
            43869267,
            101604
        ],
        [
            1112414,
            1953,
            78334,
            4343110
        ]
    ],
    "total_pixels": 508416000,
    "folds_aggregated": [
        1,
        2,
        3,
        4,
        5
    ]
}